,Org,Technologies,Slots,Ideas Page,Contact
0,52°North Initiative for Geospatial Open Source Software GmbH,"javascript, android, web,  java",2,https://wiki.52north.org/Projects/GSoC2019ProjectIdeas,https://wiki.52north.org/Projects/GSoC#Contact
1,AboutCode.org,"python,  javascript, nlp, automaton, search",3,https://github.com/nexB/aboutcode/wiki/GSOC-2019,https://gitter.im/aboutcode-org/discuss
2,AerospaceResearch.net,"python,  c/c++, vhdl, boinc, java",7,https://aerospaceresearch.net/?page_id=1111,https://aerospaceresearch.zulipchat.com/
3,aimacode,"python, python 3,  java,  javascript, machine learning",4,http://aima.cs.berkeley.edu/gsoc.html,http://aima.cs.berkeley.edu/gsoc.html
4,Amahi,"golang, ruby on rails,  android, ios, containers",7,https://wiki.amahi.org/index.php/Google_Summer_of_Code_Ideas,https://www.amahi.org/community
5,Android Graphics Tools Team,"opengl, vulkan, spir-v, java,  c/c++",2,https://github.com/google/graphicsfuzz/blob/master/docs/summer-of-code-ideas/2019.md,mailto:android-graphics-tools@google.com
6,AOSSIE - Australian Open Source Software Innovation and Education,"scala, javascript, isabelle proof assistant, android, ios",18,http://aossie.org/#ideas,https://gitter.im/AOSSIE/Lobby
7,Apertium,"c++, python, xml, bash",10,http://wiki.apertium.org/wiki/Ideas_for_Google_Summer_of_Code,http://wiki.apertium.org/wiki/IRC
8,apertus° Association,"fpga, embedded, vhdl, c, linux",4,https://lab.apertus.org/project/board/20/,https://www.apertus.org/irc-chat
9,API Client Tools at Google,"openapi, grpc, protocol buffers, rpc, rest",1,https://github.com/googleapis/googleapis.github.io/wiki/Project-Ideas,mailto:actools-info@google.com
10,appleseedhq,"c++11, python, opengl",2,https://github.com/appleseedhq/appleseed/wiki/List-of-Project-Ideas-for-GSoC-2019,https://discord.gg/dNCE5J8
11,Ardupilot.org,"drones, python, linux, robotics, c/c++",5,http://ardupilot.org/dev/docs/gsoc-ideas-list.html,https://gitter.im/ArduPilot/GSoC
12,Bazel,"windows,  c/c++,  java, bazel",2,https://github.com/bazelbuild/bazel/wiki/Project-Ideas,mailto:bazel-dev@googlegroups.com
13,BeagleBoard.org,"raspberry pi, linux kernel, javascript, python, hardware acceleration",3,https://beagleboard.org/gsocideas,https://beagleboard.org/gsocchat
14,Berkman Klein Center for Internet and Society,"ruby on rails, meteor.js, elasticsearch,  python,  java",3,https://cyber.harvard.edu/gsoc,https://cyber.harvard.edu/gsoc/Main_Page#Contact_Us
15,"Biomedical Informatics, Emory University","python, java, deep learning, medical imaging, tensorflow",4,https://github.com/sharmalab/Emory-BMI-GSoC-2019#list-of-ideas,https://github.com/sharmalab/Emory-BMI-GSoC-2019#communicating-with-the-mentors
16,Blender Foundation,"c, c++, python, opengl",7,https://wiki.blender.org/wiki/GSoC/Ideas_Suggestions,https://www.blender.org/get-involved/developers/
17,Boost C++,c++ libraries c++11 c++14 c++17 c++20,11,https://github.com/boostorg/boost/wiki/Google-Summer-of-Code:-2019,https://www.boost.org/community/irc.html
18,BRL-CAD,"c/c++, opengl, opencl, python, javascript",8,https://github.com/opencax/GSoC/issues,https://brlcad.zulipchat.com
19,Buildroot,"gnu make, kconfig, python, shell",1,https://elinux.org/Buildroot:GSoC2019Ideas,https://buildroot.org/support.html
20,Canadian Center for Computational Genomics,"python,  r-project,  javascript,  react,  nodejs",4,https://bitbucket.org/mugqic/gsoc_2019,mailto:gsoc2019@computationalgenomics.ca
21,Catrobat,"java, android, swift, symfony",9,http://developer.catrobat.org/gsoc_2019_ideas_page.html,https://catrob.at/mailinglist
22,cBioPortal for Cancer Genomics,"java, javascript, reactjs, database, web apps",6,https://github.com/cBioPortal/GSoC/wiki/ideas,https://slack.cbioportal.org/
23,CBMI@UTHSC,"reactjs,  python, flask, javascript, tensorflow",3,https://docs.google.com/document/d/1HQCrOy694zVUnhx7xibheohTeonS1OzEKW22RbEUyvU/edit#,https://groups.google.com/forum/#!forum/cbmiuthsc-gsoc/new
24,CCExtractor Development,"ai, c, python, cloud, javascript",10,https://www.ccextractor.org/public:gsoc:ideas_page_for_summer_of_code_2019,https://www.ccextractor.org/public:general:support
25,Center for Research in Open Source Software at UC Santa Cruz,"python,  javascript,  c/c++, verilog",4,https://github.com/uccross/uccross.github.io/blob/master/gsoc19.md,https://gitter.im/uccross/gsoc
26,CERN-HSF," c/c++, python, data analysis, parallelization, machine learning",29,https://hepsoftwarefoundation.org/activities/gsoc.html,http://hepsoftwarefoundation.org/activities/gsoc.html
27,CGAL project,"c++, git, swig, python",9,https://github.com/CGAL/cgal/wiki/Project-Ideas,https://www.cgal.org/mailing_list.html
28,CHAOSS,"python, javascript, jupyter, mysql, elasicsearch",4,https://github.com/chaoss/governance/blob/master/GSoC-Ideas.md,https://chaoss.community/participate/
29,Chapel,"chapel, python, high performance computing, c, c++",4,http://chapel-lang.org/gsoc,https://gitter.im/chapel-lang/chapel
30,Checker Framework,java,5,https://rawgit.com/typetools/checker-framework/master/docs/developer/gsoc-ideas.html,https://groups.google.com/forum/#!forum/checker-framework-gsoc
31,CircuitVerse.org,"rails,  javascript, postgresql, bootstrap, html5 canvas",3,https://github.com/CircuitVerse/CircuitVerse/wiki/Project-Ideas,https://gitter.im/CircuitVerse/community?utm_source=share-link&utm_medium=link&utm_campaign=share-link
32,CiviCRM,"php, mysql,  angularjs, javascript",2,https://lab.civicrm.org/community/gsoc/blob/master/projects.md,https://chat.civicrm.org
33,"CLiPS, University of Antwerp"," python,  javascript, mongodb",4,https://docs.google.com/document/d/1fdsApd42kg7ujq5a1rmS_AViJAFUEWipDLAufc5u2pg,http://www.clips.uantwerpen.be:3001/
34,Cloud Native Computing Foundation (CNCF),"kubernetes, golang, prometheus, docker",15,https://github.com/cncf/soc#project-ideas,https://github.com/cncf/soc
35,CloudCV,"python 3, django, aws, angularjs, docker",4,https://gsoc.cloudcv.org/,https://gitter.im/Cloud-CV/
36,coala,"python 3,  java,  angularjs,  haskell,  docker",10,https://projects.coala.io,http://coala.io/chat
37,Computational Biology @ University of Nebraska-Lincoln,"javascript, react, postgresql, webgl",5,http://helikarlab.org/GSoC2019.html,https://groups.google.com/forum/#!forum/helikarlab-gsoc
38,coreboot,"c, assembler",3,https://doc.coreboot.org/contributing/project_ideas.html,https://doc.coreboot.org/community/forums.html
39,Creative Commons,"javascript, python, postgresql, wordpress, elasticsearch",5,https://creativecommons.github.io/gsoc-2019/project-ideas/,https://creativecommons.github.io/community/
40,CRIU (Checkpoint/Restore in User-space),"docker, linux, containers, kernel",1,https://criu.org/Google_Summer_of_Code_Ideas,https://lists.openvz.org/mailman/listinfo/criu
41,Cuneiform Digital Library Initiative (CDLI),"python, php, mysql,  java, html/css",5,https://github.com/cdli-gh/Framework/wiki/Google-Summer-of-Code-2019-Ideas-List,mailto:cdli@ucla.edu
42,D Programming Language,"dlang, linux, windows, osx, bsd",5,https://wiki.dlang.org/GSOC_2019_Ideas,https://kiwiirc.com/nextclient/#irc://irc.freenode.net/#d
43,DBpedia," apache spark,  python,  javascript, skala, java",6,https://github.com/dbpedia/GSoC/issues,https://wiki.dbpedia.org/join/get-in-touch
44,Debian,"git, python, javascript,  c/c++, irc",5,https://wiki.debian.org/SummerOfCode2019/Projects,https://wiki.debian.org/IRC
45,Developers Italia,"python, go, scala, node.js, html/css/js",3,https://developers.italia.it/en/gsoc-ideas,https://slack.developers.italia.it/
46,Digital Impact Alliance," android, java, php, python, javascript",3,http://gsoc.dial.community/,https://dial.zulipchat.com/#narrow/stream/110501-OSC-Summer.20of.20Codel
47,Django Software Foundation,"python, django",2,https://code.djangoproject.com/wiki/SummerOfCode2019,https://docs.djangoproject.com/en/dev/internals/contributing/new-contributors/
48,Drupal,"php, symfony, sql, javascript, drupal 8",2,https://groups.drupal.org/node/534703,https://drupal.slack.com/messages/C2ESCQHNX
49,Earth Science Information Partners,"python, kubernetes, jupyter, deep learning, gdal",2,https://github.com/ESIPFed/gsoc/issues,https://esip-slack-invite.herokuapp.com/
50,Fedora Project," python, html/css/js, rest, angular, golang",5,https://docs.fedoraproject.org/en-US/mentored-projects/gsoc/2019/ideas/,https://webchat.freenode.net/?channels=#fedora-summer-coding
51,FFmpeg,"c99, assembler",6,https://trac.ffmpeg.org/wiki/SponsoringPrograms/GSoC/2019,https://ffmpeg.org/contact.html#IRCChannels
52,FOSDEM,"javascript, grafana, voctomix, influxdb, ruby on rails",2,https://docs.google.com/document/d/1NfUqP5nWyCnImszcpBnwKQ-YGzwclv3D0mYe8YuldJg/edit?usp=sharing,http://webchat.freenode.net/?channels=fosdem-gsoc
53,FOSSASIA,"javascript, python, java, reactjs, c",14,https://labs.fossasia.org/ideas.html,https://gitter.im/fossasia/fossasia
54,FOSSology Project,"postgresql, php,  c/c++, jquery, bash",3,https://github.com/fossology/fossology/issues/1266,https://fossology.slack.com
55,FrameNet Brasil at the Federal University of Juiz de Fora,"php, mysql, javascript,  python",2,http://www.ufjf.br/framenetbr-eng/summer-of-code/,https://framenetbrgsoc.slack.com
56,Free and Open Source Silicon Foundation,"verilog, compiler, risc-v, web development, jenkins",7,https://fossi-foundation.org/gsoc19-ideas,https://gitter.im/librecores/Lobby
57,FreeBSD," c/c++, llvm, shell script,  assembly, make",6,https://wiki.freebsd.org/SummerOfCodeIdeas,https://wiki.freebsd.org/SummerOfCode/IRC
58,FreeType,"c, gnu make, gnu autotools, python, fonts",3,https://www.freetype.org/gsoc.html,https://lists.nongnu.org/mailman/listinfo/freetype-devel
59,freifunk,"c, python, ruby, openwrt, html/css/js",10,https://projects.freifunk.net,http://irc.freifunk.net
60,"Genes, Genomes and Variation","perl, mysql,  javascript,  python, rest",3,http://www.ensembl.info/about/student-projects/,http://lists.ensembl.org/mailman/listinfo/dev
61,GENIVI Alliance,"yocto, embedded, automotive, some/ip",2,https://at.projects.genivi.org/wiki/x/2QDe,https://lists.genivi.org/mailman/listinfo/genivi-projects_lists.genivi.org
62,Gentoo Foundation,"shell script, bash,  c/c++,  python, linux kernel",2,https://wiki.gentoo.org/wiki/Google_Summer_of_Code/2019/Ideas,https://wiki.gentoo.org/wiki/Google_Summer_of_Code/2019/Application_Guidelines
63,Git,"c, shell, git",2,https://git.github.io/SoC-2019-Ideas/,http://git-scm.com/community
64,Global Alliance for Genomics and Health," java, mongodb, spring",5,https://docs.google.com/document/d/1Aw413LFR6ILqjXJoNpbZ-51f52oN8mEvp0MPvxWVXRE/edit?usp=sharing,mailto:gsoc@genomicsandhealth.org
65,GNOME,"c, javascript, gtk+, python, rust",8,https://wiki.gnome.org/Outreach/SummerOfCode/2019/Ideas,https://wiki.gnome.org/Community/GettingInTouch/IRC
66,GNSS-SDR," c/c++, c++ libraries c++11 c++14 c++17 c++20, c++17, gnss, sdr",3,https://gnss-sdr.org/google-summer-code-2019-ideas-list/,http://lists.sourceforge.net/lists/listinfo/gnss-sdr-developers
67,GNU Compiler Collection," c/c++, gnu autotools",6,https://gcc.gnu.org/wiki/SummerOfCode,https://gcc.gnu.org/wiki/GCConIRC
68,GNU Mailman,"python 3, email, rest, django",1,https://wiki.list.org/x/17892040,https://webchat.freenode.net/?channels=#mailman
69,GNU Octave,"c++, hg",0,http://wiki.octave.org/Summer_of_Code_Project_Ideas,https://webchat.freenode.net/?channels=#octave
70,GNU Radio,"python, c++, qt, android",2,https://wiki.gnuradio.org/index.php/GSoCIdeas,https://www.gnuradio.org/about/
71,Godot Engine,"c++, gdscript, opengl, cpp, github",8,https://github.com/godotengine/godot-roadmap/blob/master/GSoC/GSoC-2019.md,https://godotengine.org/community
72,gprMax,"python, cuda, openmp, cython, mpi",2,https://github.com/gprMax/gprMax/blob/master/gsoc/project-ideas-2019.md,https://groups.google.com/forum/?hl=en-GB#!forum/gprmax
73,Haiku,"c++, unix, posix, arm, x86",1,https://www.haiku-os.org/community/gsoc/2019/ideas,https://www.haiku-os.org/community/irc
74,Haskell.Org,"haskell, ghc, servant, codeworld, cabal",15,https://summer.haskell.org/ideas.html,https://summer.haskell.org/contact.html
75,Hydra Ecosystem,"python, redis, flask, javascript, sql",2,https://www.hydraecosystem.org/gsoc-19,https://gitter.im/HTTP-APIs/Lobby
76,INCF,"python, javascript, jupyter, c++, xml",17,https://www.incf.org/gsoc2019/projectlist,mailto:info@incf.org
77,Inkscape,"svg, css, c++11, gtk,  python",1,http://wiki.inkscape.org/wiki/index.php/Google_Summer_of_Code#Suggested_Project_Ideas,https://inkscape.org/community/discussion/
78,Institut für Angewandte Informatik (InfAI) e.V.,"java,  javascript, a-frame, neo4j, htc vive",1,https://github.com/softvis-research/Getaviz/wiki/GSoC-Ideas-2019,mailto:softvis@uni-leipzig.de
79,Intel Media And Audio For Linux,"video, audio, ffmpeg, gstreamer, hardware acceleration",2,https://01.org/linuxmedia/documentation/gsoc-2019-ideas,https://01.org/linuxmedia/blogs/seanvk/2017/vaapi-media-consolidation
80,InterMine,"java,  python,  javascript,  clojure,  r",6,http://intermine.org/gsoc/project-ideas/2019/,http://chat.intermine.org/
81,Internet Archive,"python, javascript, node.js, php, elasticsearch",2,https://docs.google.com/document/d/1posF4zhq2lAz7eikloT9_K4LnHXfJ5VWGpCtJS6rJ0M/edit?usp=sharing,mailto:iagsoc2019@gmail.com
82,Internet Systems Consortium," c/c++, c99, mysql, python, javascript",1,https://gitlab.isc.org/isc-projects/kea/wikis/gsoc/kea%20gsoc%202019,https://lists.isc.org
83,JabRef,"java, javafx, latex",1,http://www.jabref.org/GSoC2019.html,https://gitter.im/JabRef/jabref
84,JBoss Community,"java, golang, react",8,https://developer.jboss.org/wiki/GSoC2019Ideas,https://developer.jboss.org/wiki/JBossGSoCContactInformation
85,JdeRobot - Universidad Rey Juan Carlos," ros, gazebo,  python,  c/c++, opencv",6,https://jderobot.org/GSoC-2019,http://jderobot.org/Community#Questions_and_support
86,Jenkins project," java,  javascript, docker, kubernetes, machine learning",5,https://jenkins.io/projects/gsoc/2019/project-ideas/,https://gitter.im/jenkinsci/gsoc-sig
87,Joomla,"php,  javascript, mysql, html/css, cms",3,https://docs.joomla.org/GSOC_2019_Project_Ideas,https://glip.com/joomla
88,JSK Robotics Laboratory / The University of Tokyo,"ros, lisp",0,http://www.jsk.imi.i.u-tokyo.ac.jp/gsoc/2019,mailto:k-okada+gsoc@jsk.imi.i.u-tokyo.ac.jp
89,Kapitan,"kubernetes, terraform, python, jinja2, jsonnet",1,https://github.com/deepmind/kapitan/issues?q=is%3Aissue+is%3Aopen+label%3Agsoc,https://groups.google.com/d/forum/kapitan-discuss
90,KDE Community,"c++, qt, qt5",22,https://community.kde.org/GSoC/2019/Ideas,https://userbase.kde.org/IRC_Channels
91,Kiwix,"android, java, c++, python, javascript",2,https://www.kiwix.org/en/support-us/contribute/google-summer-of-code/,http://webchat.freenode.net/?channels=#kiwix
92,KNIME,"javascript, java, tensorflow",2,https://docs.google.com/document/d/1uEUJOutcq3cYzuxj8ceCqurZp9PdF-ZwvXq1HkfJx7c,mailto:academia@knime.com
93,Kodi Foundation,"c++, ffmpeg, sqlite, mysql, python",1,https://kodi.wiki/view/Google_Summer_of_Code/2019,https://kodi.wiki/view/Kodi_related_projects_and_sites
94,LabLua,"lua,  céu",5,http://www.lua.inf.puc-rio.br/gsoc/ideas2019.html,http://groups.google.com/group/labluagsoc
95,Libre Space Foundation," python, django, arduino, raspberry pi,  c/c++",2,https://gitlab.com/librespacefoundation/soc-org/wikis/Google-Summer-of-Code-2019#ideas,https://libre.space/community/
96,LibreHealth,"java, javascript, webcomponents, mysql",0,https://forums.librehealth.io/ideas,https://chat.librehealth.io/channels/gsoc
97,LibreOffice,"c++,  python,  java",6,https://wiki.documentfoundation.org/Development/GSoC/Ideas,https://wiki.documentfoundation.org/Website/IRC
98,Libvirt,"virtualization, kvm, xen, c,  python",3,https://wiki.libvirt.org/page/Google_Summer_of_Code_Ideas,https://libvirt.org/contact.html#irc
99,Linkerd,"golang, rust, kubernetes,  react, prometheus",2,https://linkerd.io/gsoc/,https://linkerd.io/2/get-involved/
100,Liquid Galaxy project,"python, nodejs, android, maps api",7,https://www.liquidgalaxy.eu/2017/08/gsoc-2019-project-ideas.html,http://liquidgalaxy.slack.com
101,LLVM Compiler Infrastructure,"llvm, clang",8,http://llvm.org/OpenProjects.html#gsoc19,http://llvm.org/docs/#irc
102,LuaRocks,lua,2,https://luarocks.github.io/luarocks/gsoc/ideas2019.html,https://gitter.im/luarocks/luarocks
103,MacPorts,"tcl, c, python, scripting, web",4,https://trac.macports.org/wiki/SummerOfCode,https://www.macports.org/contact.php#IRC
104,MariaDB Foundation,"mariadb, mysql, c, c++,  java",4,https://mariadb.com/kb/en/mariadb/google-summer-of-code-2019/,https://mariadb.com/kb/en/meta/irc/
105,Matrix.org,"python, javascript,  nodejs, postgresql, go",4,https://matrix-org.github.io/gsoc/,https://matrix.to/#/#gsoc:matrix.org
106,MBDyn - Multibody Dynamics," python, c++, scripting",1,https://public.gitlab.polimi.it/DAER/mbdyn/wikis/Google-Summer-of-Code/Project-Ideas,http://lists.mbdyn.org/mailman/listinfo/mbdyn-users
107,MetaBrainz Foundation Inc,"python, perl, javascript, postgres, react",6,https://wiki.musicbrainz.org/Development/Summer_of_Code/2019,https://metabrainz.org/contact
108,MIT App Inventor," java,  javascript,  android, google app engine, gwt",4,https://github.com/mit-cml/appinventor-sources/wiki/Projects-GSoC-2019,https://groups.google.com/forum/#!forum/app-inventor-open-source-dev
109,mlpack,c++,9,https://github.com/mlpack/mlpack/wiki/SummerOfCodeIdeas,http://webchat.freenode.net/?channels=mlpack
110,Moira,"golang,  javascript, typescript, grafana, graphite",1,https://moira.readthedocs.io/en/latest/gsoc.html,https://t.me/moira_alert
111,Moodle,"php,  javascript, sql, angular, ionic",2,https://docs.moodle.org/dev/Projects_for_new_developers,https://telegram.me/moodledev
112,Mozilla,"javascript, python, rust, c++,  react",14,https://wiki.mozilla.org/Community:SummerOfCode19#Project_List,https://wiki.mozilla.org/IRC
113,MuseScore,"qt, c++, cmake",4,https://musescore.org/en/handbook/developers-handbook/google-summer-code/ideas-2019,https://t.me/musescoreeditorchat
114,Named Data Networking Project,"java, android,  javascript, c++14, c#",2,https://named-data.net/gsoc-2019/#project-ideas,http://minindn.memphis.edu/ndnslack/
115,National Resource for Network Biology (NRNB),"java,  javascript, python, c++, web",11,https://github.com/nrnb/GoogleSummerOfCode/issues,https://groups.google.com/forum/#!forum/cytoscape-helpdesk
116,Neovim,"c, lua",2,https://github.com/neovim/neovim/wiki/GSoC-2019-Ideas,https://gitter.im/neovim/neovim
117,Netfilter project,"c, linux kernel",3,http://people.netfilter.org/pablo/nf-ideas-2019.txt,https://netfilter.org/mailinglists.html
118,NumFOCUS,"python,  javascript, c/c++, r",19,https://github.com/numfocus/gsoc/blob/master/2019/ideas-list.md,https://groups.google.com/a/numfocus.org/forum/#!forum/gsoc
119,NV Access,"python, c++, ui automation, iaccessible2, win32 api",1,https://github.com/nvaccess/nvda/wiki/GSOC-2019-Ideas-List,https://sourceforge.net/p/nvda/lists/nvda-devel/
120,Open Astronomy,"python, julia, c++, numba",9,http://openastronomy.org/gsoc/gsoc2019/,http://openastronomy.org
121,Open Bioinformatics Foundation,"python, perl, java, javascript, biojs",5,https://obf.github.io/GSoC/ideas/,https://obf.github.io/GSoC/contact/
122,Open Chemistry,"c++, python, opengl, javascript, html",6,http://wiki.openchemistry.org/GSoC_Ideas_2019,https://openchemistry.slack.com/
123,Open Data Kit,"android,  java",2,https://forum.opendatakit.org/t/18160,http://slack.opendatakit.org
124,Open Roberta," java,  javascript",3,https://github.com/OpenRoberta/robertalab/wiki/Google-Summer-of-Code,https://github.com/OpenRoberta/robertalab/wiki/Community
125,Open Source Robotics Foundation,"ros, gazebo, c++, python",7,https://github.com/osrf/osrf_wiki/wiki/GSoC,http://wiki.ros.org/Get%20Involved
126,Open Technologies Aliance - GFOSS,"python,  javascript, gtk, qt, arduino",13,https://ellak.gr/wiki/index.php?title=Google_Summer_of_Code_2019_proposed_ideas,https://lists.ellak.gr/gsoc-developers/listinfo.html
127,OpenCV,"c++, python",8,https://github.com/opencv/opencv/wiki/GSoC_2019,https://github.com/opencv/opencv/wiki/GSoC_2019#general-information
128,OpenMRS," java,  javascript, spring, mysql,  android",12,https://wiki.openmrs.org/display/RES/Summer+Of+Code+2019,https://wiki.openmrs.org/display/IRC/Home
129,OpenStreetMap," javascript, ruby,  java,  c/c++",5,https://wiki.openstreetmap.org/wiki/Google_Summer_of_Code/2019/Project_ideas,https://wiki.openstreetmap.org/wiki/IRC
130,OpenWISP,"python, django, javascript, ansible, openwrt",2,http://openwisp.org/gsoc/ideas-2019.html,https://gitter.im/openwisp/general
131,Oppia Foundation,"angularjs, python, javascript, app engine, css",4,https://github.com/oppia/oppia/wiki/Google-Summer-of-Code-2019#oppias-project-ideas,https://github.com/oppia/oppia/wiki/Google-Summer-of-Code-2019#communication
132,OSGeo," c/c++,  python, sql, open source databases,  java",7,https://wiki.osgeo.org/wiki/Google_Summer_of_Code_2019_Ideas,https://wiki.osgeo.org/wiki/Google_Summer_of_Code_Recommendations_for_Students#How_to_get_in_contact_via_IRC
133,OWASP Foundation,"python,  java, javascript, php",12,https://www.owasp.org/index.php/GSoC2019_Ideas,https://owasp.slack.com/messages/CFJLZNFN1
134,PEcAn Project,"r, python, postgresql,  docker, singularity",2,https://pecanproject.github.io/gsoc_ideas.html,https://join.slack.com/t/pecanproject/shared_invite/enQtMzkyODUyMjQyNTgzLTYyZTZiZWQ4NGE1YWU3YWIyMTVmZjEyYzA3OWJhYTZmOWQwMDkwZGU0Mjc4Nzk0NGYwYTIyM2RiZmMyNjg5MTE
135,Percona,"mysql, postgresql, prometheus, javascript, selenium",2,https://www.percona.com/googlesummerofcode2019,https://groups.google.com/forum/#!forum/percona-gsoc
136,Performance Co-Pilot,"python, redis, c, linux, javascript",2,https://pcp.io/gsoc/2019/ideas.html,https://pcp.io/community.html
137,Pharo Consortium,"pharo, squeak, smalltalk, ide, os",7,http://gsoc.pharo.org/,https://discordapp.com/invite/QewZMZa
138,phpMyAdmin,"php, mysql, bootstrap, javascript, cakephp",2,https://github.com/phpmyadmin/phpmyadmin/wiki/GSoC_2019_ideas_list,https://lists.phpmyadmin.net/mailman/listinfo/developers
139,Pitivi,"python 3, gtk, gstreamer, c",3,http://developer.pitivi.org/GSoC_Ideas.html,http://www.pitivi.org/?go=contact
140,PostgreSQL,"postgresql, sql, rdbms, c",4,https://wiki.postgresql.org/wiki/GSoC_2019,https://www.postgresql.org/community/irc/
141,Project PANOPTES,"python 3, arduino, cloud",2,https://projectpanoptes.org/gsoc-2019/,https://forum.projectpanoptes.org/c/GSoC-2019
142,Public Lab,"ruby on rails, javascript, node.js, raspberry pi",12,https://publiclab.org/gsoc-ideas,https://publiclab.org/chat
143,Purr Data,"javascript, node.js,  html5,  c/c++",1,https://git.purrdata.net/jwilkes/summer-of-code-ideas-list,http://disis.music.vt.edu/cgi-bin/mailman/listinfo/l2ork-dev
144,Python Software Foundation,python,30,http://python-gsoc.org/,http://python-gsoc.org/index.html#contact
145,QEMU,"linux, kvm, c, virtualization",3,https://wiki.qemu.org/Google_Summer_of_Code_2019,https://webchat.oftc.net/?nick=&channels=%23qemu-gsoc&uio=d4
146,R project for statistical computing,"r-project, c, c++, fortran, javascript",30,https://github.com/rstats-gsoc/gsoc2019/wiki/table-of-proposed-coding-projects,https://github.com/rstats-gsoc/gsoc2019/wiki
147,ReactOS,"c, c++, nt, win32, php",2,https://reactos.org/wiki/Google_Summer_of_Code_2019_Ideas,https://chat.reactos.org
148,Read the Docs,"python, django, documentation, sphinx",2,https://docs.readthedocs.io/en/latest/gsoc.html,https://docs.readthedocs.io/en/latest/contribute.html?highlight=irc#get-in-touch
149,Red Hen Lab,"nlp, python, asr, opencv, machine learning",15,https://sites.google.com/site/distributedlittleredhen/summer-of-code/google-summer-of-code-2019-ideas-page,http://redhen-gsoc.slack.com
150,RoboComp," python, c++11, component-based development, qt,  opencv",10,https://robocomp.github.io/web/blog/gsoc/ideas2019,https://groups.google.com/forum/?hl=en#!forum/robocomp-dev
151,Rocket.Chat," javascript, node.js,  react, ios,  android",15,https://rocket.chat/docs/contributing/google-summer-of-code-2019/#project-ideas,https://open.rocket.chat
152,RTEMS Project,"c/c++,  python,  assembly,  posix ,  bsd unix",4,https://devel.rtems.org/wiki/Developer/OpenProjects,https://devel.rtems.org/wiki/Developer/IRC
153,Ruby,"ruby, c",5,https://github.com/rubygsoc/rubygsoc/wiki/Ideas-List,http://slack.bundler.io
154,Ruby Science Foundation,"ruby, c/c++, cuda, ai, machine learning",2,https://github.com/SciRuby/sciruby/wiki/Google-Summer-of-Code-2019-Ideas,http://sciruby.com
155,SageMath,"python, cython",4,https://wiki.sagemath.org/GSoC/2019,https://groups.google.com/group/sage-gsoc/
156,Salesforce,"scala,  apache spark, javascript,  nodejs, react",2,https://github.com/salesforce/gsoc,mailto:oss-gsoc@salesforce.com
157,Samba,"c, smb",1,https://wiki.samba.org/index.php/SoC/Ideas,https://www.samba.org/samba/irc.html
158,SCoRe Lab (Sustainable Computing Research Lab),"python, nodejs, android, golang",27,http://www.scorelab.org/gsoc-2019/,https://gitter.im/scorelab/scorelab
159,ScummVM," c/c++, sdl,  opengl,  assembly, lua",3,https://wiki.scummvm.org/index.php?title=Summer_of_Code/GSoC_Ideas_2019,http://wiki.scummvm.org/index.php/Summer_of_Code/GSoC_Contact
160,shogun.ml,"c++11, c++17,  python, swig, cmake",1,https://github.com/shogun-toolbox/shogun/wiki/Google-Summer-of-Code-2019-Projects,http://webchat.freenode.net/?channels=shogun&uio=d4
161,Software and Computational Systems Lab at LMU Munich,"python, java, javascript",2,https://www.sosy-lab.org/gsoc/gsoc2019.php#ideas,mailto:info@sosy-lab.org
162,Software Heritage," python,  javascript, postgres, django, git",3,https://wiki.softwareheritage.org/wiki/Google_Summer_of_Code_2019,https://www.softwareheritage.org/community/developers/
163,SPDX (Software Product Data Exchange)," python,  java, golang, xml",8,https://wiki.spdx.org/view/GSOC/GSOC_ProjectIdeas,https://gitter.im/spdx-org
164,strace,"linux, c, shell script, make, awk",2,https://strace.io/wiki/GoogleSummerOfCode2019,https://strace.io
165,Submitty,"php, python, postgresql, c++, javascript",4,https://submitty.org/developer/project_ideas,https://join.slack.com/t/submitty/shared_invite/enQtMzE1NzgyMzUzNzI5LWNkNjUzYmZjOWJkNzdlM2QzNTM3MGYwNmQwMzQ3NjAwODUwYjI4MTRlZDNjZTFlMTk4ZjUzN2MxNzRjNDIwZTU
166,Sugar Labs,"python, javascript",8,https://github.com/sugarlabs/GSoC/blob/master/Ideas-2019.md,https://github.com/sugarlabs/GSoC#how-to-talk-to-us-
167,Swift,"swift, programming languages, compilers, ios, server",1,https://swift.org/gsoc2019,https://swift.org/community/#forums
168,SymbiFlow,"verilog, fpga, xilinx",1,https://github.com/SymbiFlow/ideas/issues,https://webchat.freenode.net/?channels=symbiflow
169,SymPy,python,10,https://github.com/sympy/sympy/wiki/GSoC-2019-Ideas,https://gitter.im/sympy/sympy
170,Synfig,"c++, gtk, gtkmm",2,https://synfig-docs-dev.readthedocs.io/en/latest/gsoc/2019/ideas.html#projects-ideas,https://forums.synfig.org/c/development
171,syslog-ng,"c, python, rest, json, elasticsearch",2,https://github.com/balabit/syslog-ng/wiki/GSoC2019-Idea-&-Project-list,https://gitter.im/balabit/syslog-ng
172,TensorFlow,"machine learning, deep learning,  python, c/c++, data analysis",19,https://goo.gl/SHFKbb,https://gitter.im/tensorflow/gsoc
173,The Apache Software Foundation," java,  c/c++",17,https://s.apache.org/gsoc2019ideas,https://wiki.apache.org/general/IRC
174,The Center for Connected Learning and Computer-Based Modeling," javascript, scala",1,https://github.com/NetLogo/NetLogo/wiki/Google-Summer-of-Code-Ideas-List,https://gitter.im/NetLogo/GSoC
175,The Eclipse Foundation,"java, jakarta,  javascript, openj9",10,https://wiki.eclipse.org/Google_Summer_of_Code_2019_Ideas,https://wiki.eclipse.org/IRC
176,The GNU Project,operating systems,5,https://www.gnu.org/software/soc-projects/ideas.html,https://lists.gnu.org/mailman/listinfo/summer-of-code
177,The Honeynet Project,"python, go,  c/c++, linux, data analysis",9,https://gsoc.honeynet.org,https://gsoc-slack.honeynet.org/
178,The Java Pathfinder Team,"java, jvm, bytecode, android, distributed systems",6,https://github.com/javapathfinder/jpf-core/wiki/GSoC-2019-Project-Ideas,https://groups.google.com/forum/#!forum/java-pathfinder
179,The Julia Language,julia,13,https://julialang.org/soc/ideas-page,https://julialang.org/community/
180,The Libreswan Project,"c, nss, virtualization, python, web",1,https://libreswan.org/wiki/GSoC,https://libreswan.org/wiki/IRC
181,The Linux Foundation,"c, c++, cups, ipp",7,https://wiki.linuxfoundation.org/gsoc/google-summer-code-2019,https://wiki.linuxfoundation.org/gsoc/google-summer-code-2019#if_you_have_questions
182,The Mifos Initiative,"android, spring, java, angular, mysql",14,https://mifosforge.jira.com/wiki/spaces/RES/pages/812810251/Google+Summer+of+Code+2019+Ideas,https://gitter.im/openMF/mifos
183,The NetBSD Foundation,"c, bsd, make",7,https://wiki.netbsd.org/projects/gsoc/,https://wiki.netbsd.org/community/
184,The ns-3 Network Simulator Project," c/c++,  python",4,https://www.nsnam.org/wiki/GSOC2019Projects,https://ns-3.zulipchat.com
185,The Perl Foundation,"c, perl, regular expressions, perl6, perl5",4,https://perl-gsoc-2019.github.io/ideas/,https://www.irc.perl.org/
186,The Postgres Operator,"postgresql, kubernetes, golang, operator, patroni",1,https://github.com/zalando-incubator/postgres-operator/blob/master/docs/gsoc-2019/ideas.md,https://postgresteam.slack.com/messages/CFYAXFT7D/
187,The Processing Foundation,"java,  javascript,  python,  android,  opengl",16,https://github.com/processing/processing/wiki/Project-List,https://discourse.processing.org/c/summer-of-code
188,The Terasology Foundation,"java, lwjgl, opengl, blender, gradle",9,https://trello.com/b/5QQGHuTt/gsoc-ideas,https://github.com/MovingBlocks/Terasology/wiki/Using-IRC
189,The Vega Project at the University of Washington,"typescript, d3, vega, vega-lite, react",2,https://docs.google.com/document/d/16uxN2ss7HHCUFqwv9znkvirMYjng3r-kFJ7nOW8azTY,https://bit.ly/join-vega-slack
190,The Wine Project,"c,  opengl,  directx,  x11,  win32",0,https://wiki.winehq.org/SummerOfCode,https://www.winehq.org/irc
191,TimVideos.us,"python, verilog, vhdl, c, fpga",0,https://code.timvideos.us/summer-of-code/,http://webchat.freenode.net/?channels=%23timvideos
192,Tokio,"tokio_rs, rust",1,https://tokio.rs/gsoc/,https://gitter.im/tokio-rs/gsoc
193,Tungsten Fabric,"linux, kubernetes,  python, networking,  c/c++",1,https://wiki.tungsten.io/display/TUN/GSoC+2019,https://tungsten.io/community/
194,UCSC Xena,"javascript,  python,  clojure,  react",1,https://github.com/ucscXena/ucsc-xena-client/wiki/Google-Summer-of-Code-Ideas-2019,https://groups.google.com/forum/#!forum/xena-google-summer-of-code
195,VideoLAN,"c, opengl, qt, assembly, c++",9,https://wiki.videolan.org/SoC_2019,https://www.videolan.org/support/
196,webpack,"javascript, web development, webasssembly, node.js, html5/css3",2,https://docs.google.com/document/d/19ZCaBt5UQJ45reIpCKQo_oeICpk9sPW5YjqO7ciAQh4/edit?usp=sharing,http://webpack.js.org
197,Wikimedia Foundation,"php, javascript, html, css, python",11,https://www.mediawiki.org/wiki/Google_Summer_of_Code/2019,https://wikimedia.zulipchat.com/#narrow/stream/180873-gsoc19-outreachy18
198,X.Org Foundation,"opengl, vulkan, x11, wayland, opencl",2,https://www.x.org/wiki/SummerOfCodeIdeas/,https://www.x.org/wiki/SummerOfCodeIdeas/
199,Xapian Search Engine Library,"c++, unicode, swig, linux",3,https://trac.xapian.org/wiki/GSoCProjectIdeas,https://trac.xapian.org/wiki/GSoC_IRC
200,Xi Editor,"rust, swift",1,https://xi-editor.io/gsoc.html,https://xi.zulipchat.com/
201,XMPP Standards Foundation (XSF),"asynchronous i/o, lua, xmpp, java, python 3",3,https://wiki.xmpp.org/web/GSoC/2019/Project_Ideas,https://wiki.xmpp.org/web/GSoC/2019#Join_the_group_chat.21
202,xpra,"python, javascript, c",0,https://xpra.org/trac/wiki/ProjectIdeas,http://irc.freenode.net/winswitch
203,XWiki,"java,  javascript,  html5,  css3,  velocity",3,http://gsoc.xwiki.org/,http://dev.xwiki.org/xwiki/bin/view/Community/Chat
204,Zulip Open Source Project,"python, react native, django, javascript, electron",17,https://zulip.readthedocs.io/en/latest/overview/gsoc-ideas.html,https://chat.zulip.org/
205,ZynAddSubFX," c/c++, ruby, midi, open-sound-control, opengl",1,https://github.com/zynaddsubfx/zyn-fusion-issues/wiki/GSOC-Ideas-2019,http://zynaddsubfx.sourceforge.net/support.html
